"","X","seq_zone_XDX","seq_seed_XDX","count_gDNA","count_cDNA","seed_start","seed_end","zone_length","count_min","deletion","deletion_seed","score","score_norm_divide","score_norm_minus","MRE_start","MRE_end","mre_only","DNM","FeatureDeletion","has_seed","has_seed_foreign","DNM_exclu","seed_seq"
"1",1,"XXXXXXXXXXXXXXXXX**XXXXXXXXXXXXXXXXXXXXXXXXXXXXXXXXXXXXX","XXXXXXXX",4823,2071,26,33,56,2071,TRUE,FALSE,0.429400787891354,1.02107356216726,0.0088622451247225,12,33,TRUE,"none","none",1,0,"none","TCCGTCCA"
"2",2,"XXXXXXXXXXXXXX*******XXXXXXXXXXXXXXXXXXXXXXXXXXXXXXXXXXX","XXXXXXXX",30,43,26,33,56,30,TRUE,FALSE,1.43333333333333,3.40832810211341,1.0127947905667,12,33,TRUE,"none","none",1,0,"none","TCCGTCCA"
"3",3,"XXXXXXXXXXXXXXXXXXX**************************XXXXXXXXXXX","********",42,152,26,33,56,42,TRUE,TRUE,3.61904761904762,8.60574537410696,3.19850907628099,12,33,FALSE,"miR-184,-1","none",1,0,"none","TCCGTCCA"
"4",4,"XXXXXXXXXXXXXXXXXX****XXXXXXXXXXXXXXXXXXXXXXXXXXXXXXXXXX","XXXXXXXX",1755,998,26,33,56,998,TRUE,FALSE,0.568660968660969,1.35222080934573,0.148122425894337,12,33,TRUE,"none","none",1,0,"none","TCCGTCCA"
"5",5,"XXXXXXXXXXXXXXXXX**********************XXXXXXXXXXXXXXXXX","********",199,2431,26,33,56,199,TRUE,TRUE,12.21608040201,29.0486582315217,11.7955418592434,12,33,FALSE,"miR-184,-1","none",1,0,"none","TCCGTCCA"
"6",6,"XXXXXXXXXXXXXXXXXX***XXXXXXXXXXXXXXXXXXXXXXXXXXXXXXXXXXX","XXXXXXXX",843,417,26,33,56,417,TRUE,FALSE,0.494661921708185,1.17625822939774,0.0741233789415536,12,33,TRUE,"none","none",1,0,"none","TCCGTCCA"
"7",7,"XXXXXXXXXXXXXXXXXXX*XXXXXXXXXXXXXXXXXXXXXXXXXXXXXXXXXXXX","XXXXXXXX",380,195,26,33,56,195,TRUE,FALSE,0.513157894736842,1.22023986519972,0.0926193519702107,12,33,TRUE,"none","none",1,0,"none","TCCGTCCA"
"8",8,"XXXXXXXXXXXXXXXX*******************XXXXXXXXXXXXXXXXXXXXX","********",1383,9856,26,33,56,1383,TRUE,TRUE,7.12653651482285,16.9462148889824,6.70599797205622,12,33,FALSE,"miR-184,-1","none",1,0,"none","TCCGTCCA"
"9",9,"XXXXXXXXXXXXXXXXXXXXXXXXXXXXXXXXXXXXXXXXXXXXXXXXXXXXXXXX","XXXXXXXX",18940,7965,26,33,56,7965,FALSE,FALSE,0.420538542766631,1,0,12,33,FALSE,"none","none",1,0,"none","TCCGTCCA"
"10",10,"XXXXXXXXXXXXXXXXX*****XXXXXXXXXXXXXXXXXXXXXXXXXXXXXXXXXX","XXXXXXXX",1032,808,26,33,56,808,TRUE,FALSE,0.782945736434108,1.86176927157087,0.362407193667477,12,33,TRUE,"none","none",1,0,"none","TCCGTCCA"
"11",11,"XXXXXXXXXXXX********XXXXXXXXXXXXXXXXXXXXXXXXXXXXXXXXXXXX","XXXXXXXX",471,316,26,33,56,316,TRUE,FALSE,0.670912951167728,1.59536613874661,0.250374408401097,12,33,TRUE,"none","none",1,0,"none","TCCGTCCA"
"12",12,"XXXXXXXXXXXXXXXXX***************XXXXXXXXXXXXXXXXXXXXXXXX","*******X",276,2142,26,33,56,276,TRUE,TRUE,7.76086956521739,18.4545975599771,7.34033102245076,12,33,TRUE,"miR-184,-1","none",1,0,"none","TCCGTCCA"
"13",13,"XXXXXXXXXXXXXXXXX****XXXXXXXXXXXXXXXXXXXXXXXXXXXXXXXXXXX","XXXXXXXX",528,569,26,33,56,528,TRUE,FALSE,1.07765151515152,2.56255112328559,0.657112972384884,12,33,TRUE,"none","none",1,0,"none","TCCGTCCA"
"14",14,"XXXXXXXXXXXXXXXX*********************XXXXXXXXXXXXXXXXXXX","********",269,2663,26,33,56,269,TRUE,TRUE,9.8996282527881,23.5403589589211,9.47908971002147,12,33,FALSE,"miR-184,-1","none",1,0,"none","TCCGTCCA"
"15",15,"XXXXXXXXXXXXXXXXX******************************XXXXXXXXX","********",147,1009,26,33,56,147,TRUE,TRUE,6.86394557823129,16.3217990272066,6.44340703546466,12,33,FALSE,"miR-184,-1","none",1,0,"none","TCCGTCCA"
"16",16,"XXXXXXXXXXXXXXXXX*********************************XXXXXX","********",662,4056,26,33,56,662,TRUE,TRUE,6.12688821752266,14.5691478769465,5.70634967475603,12,33,FALSE,"miR-184,-1","none",1,0,"none","TCCGTCCA"
"17",17,"XXXXXXXXXXXXXXXXX************XXXXXXXXXXXXXXXXXXXXXXXXXXX","****XXXX",269,1214,26,33,56,269,TRUE,TRUE,4.51301115241636,10.7315042343711,4.09247260964973,12,33,TRUE,"miR-184,-1","none",1,0,"none","TCCGTCCA"
"18",18,"XXXXXXXXXXXXXXXX*XXXXXXXXXXXXXXXXXXXXXXXXXXXXXXXXXXXXXXX","XXXXXXXX",1601,1104,26,33,56,1104,TRUE,FALSE,0.689569019362898,1.63972846537769,0.269030476596267,12,33,TRUE,"none","none",1,0,"none","TCCGTCCA"
"19",19,"XXXXXXXXXXXXXXXXX*********XXXXXXXXXXXXXXXXXXXXXXXXXXXXXX","*XXXXXXX",254,431,26,33,56,254,TRUE,TRUE,1.69685039370079,4.03494619669716,1.27631185093416,12,33,TRUE,"miR-184,-1","none",1,0,"none","TCCGTCCA"
"20",20,"XXXXXXXXXXXXXXXXXX**************XXXXXXXXXXXXXXXXXXXXXXXX","*******X",255,905,26,33,56,255,TRUE,TRUE,3.54901960784314,8.43922553327671,3.12848106507651,12,33,TRUE,"miR-184,-1","none",1,0,"none","TCCGTCCA"
"21",21,"XXXXXXXXXXXXXXXXXX*XXXXXXXXXXXXXXXXXXXXXXXXXXXXXXXXXXXXX","XXXXXXXX",1426,775,26,33,56,775,TRUE,FALSE,0.543478260869565,1.29233876470428,0.122939718102934,12,33,TRUE,"none","none",1,0,"none","TCCGTCCA"
"22",22,"XXXXXXXXXXXXXXXX***XXXXXXXXXXXXXXXXXXXXXXXXXXXXXXXXXXXXX","XXXXXXXX",1237,2639,26,33,56,1237,TRUE,FALSE,2.13338722716249,5.07298858536818,1.71284868439586,12,33,TRUE,"none","none",1,0,"none","TCCGTCCA"
"23",23,"XXXXXXXXXXXXXXXXX************************XXXXXXXXXXXXXXX","********",401,2301,26,33,56,401,TRUE,TRUE,5.73815461346633,13.6447769465226,5.3176160706997,12,33,FALSE,"miR-184,-1","none",1,0,"none","TCCGTCCA"
"24",24,"XXXXXXXXXXXXXXXXX*************************XXXXXXXXXXXXXX","********",92,727,26,33,56,92,TRUE,TRUE,7.90217391304348,18.7906056388002,7.48163537027685,12,33,FALSE,"miR-184,-1","none",1,0,"none","TCCGTCCA"
"25",25,"XXXXXXXXXXXXXXXXX**************************XXXXXXXXXXXXX","********",123,727,26,33,56,123,TRUE,TRUE,5.91056910569106,14.0547619412164,5.49003056292443,12,33,FALSE,"miR-184,-1","none",1,0,"none","TCCGTCCA"
"26",26,"XXXXXXXXXXXXXXXX********************XXXXXXXXXXXXXXXXXXXX","********",909,4747,26,33,56,909,TRUE,TRUE,5.22222222222222,12.4179395968473,4.80168367945559,12,33,FALSE,"miR-184,-1","none",1,0,"none","TCCGTCCA"
"27",27,"XXXXXXXXXXXXXXXX****XXXXXXXXXXXXXXXXXXXXXXXXXXXXXXXXXXXX","XXXXXXXX",114,93,26,33,56,93,TRUE,FALSE,0.815789473684211,1.93986850365084,0.395250930917579,12,33,TRUE,"none","none",1,0,"none","TCCGTCCA"
"28",28,"XXXXXXXXXXXXXXXX**********************************XXXXXX","********",165,1099,26,33,56,165,TRUE,TRUE,6.66060606060606,15.8382773117236,6.24006751783943,12,33,FALSE,"miR-184,-1","none",1,0,"none","TCCGTCCA"
"29",29,"XXXXXXXXXXXXXXXXX***************************XXXXXXXXXXXX","********",364,2135,26,33,56,364,TRUE,TRUE,5.86538461538461,13.9473175913854,5.44484607261798,12,33,FALSE,"miR-184,-1","none",1,0,"none","TCCGTCCA"
"30",31,"XXXXXXXXXXXXXXXXXX**********XXXXXXXXXXXXXXXXXXXXXXXXXXXX","***XXXXX",403,2387,26,33,56,403,TRUE,TRUE,5.92307692307692,14.0845043217925,5.50253838031029,12,33,TRUE,"miR-184,-1","none",1,0,"none","TCCGTCCA"
"31",32,"XXXXXXXXXXXXXXXX******XXXXXXXXXXXXXXXXXXXXXXXXXXXXXXXXXX","XXXXXXXX",186,484,26,33,56,186,TRUE,FALSE,2.60215053763441,6.18766242094108,2.18161199486778,12,33,TRUE,"none","none",1,0,"none","TCCGTCCA"
"32",33,"XXXXXXXXXXXXXXXXX***********XXXXXXXXXXXXXXXXXXXXXXXXXXXX","***XXXXX",413,2955,26,33,56,413,TRUE,TRUE,7.15496368038741,17.0138119405571,6.73442513762078,12,33,TRUE,"miR-184,-1","none",1,0,"none","TCCGTCCA"
"33",34,"XXXXXXXXXXXXXXXXXX******XXXXXXXXXXXXXXXXXXXXXXXXXXXXXXXX","XXXXXXXX",205,125,26,33,56,125,TRUE,FALSE,0.609756097560976,1.44994105308285,0.189217554794344,12,33,TRUE,"none","none",1,0,"none","TCCGTCCA"
"34",35,"XXXXXXXXXXXXXXXX******************XXXXXXXXXXXXXXXXXXXXXX","********",1290,8300,26,33,56,1290,TRUE,TRUE,6.43410852713178,15.2996880733052,6.01356998436515,12,33,FALSE,"miR-184,-1","none",1,0,"none","TCCGTCCA"
"35",36,"XXXXXXXXXXXXXXXX****************XXXXXXXXXXXXXXXXXXXXXXXX","*******X",635,2820,26,33,56,635,TRUE,TRUE,4.44094488188976,10.5601376099174,4.02040633912313,12,33,TRUE,"miR-184,-1","none",1,0,"none","TCCGTCCA"
"36",37,"XXXXXXXXXXXXXXXXXXX***************XXXXXXXXXXXXXXXXXXXXXX","********",48,104,26,33,56,48,TRUE,TRUE,2.16666666666667,5.15212387528772,1.74612812390004,12,33,FALSE,"miR-184,-1","none",1,0,"none","TCCGTCCA"
"37",38,"XXXXXXXXXXXXXXXXX**********XXXXXXXXXXXXXXXXXXXXXXXXXXXXX","**XXXXXX",182,1239,26,33,56,182,TRUE,TRUE,6.80769230769231,16.1880341880342,6.38715376492568,12,33,TRUE,"miR-184,-1","none",1,0,"none","TCCGTCCA"
"38",39,"XXXXXXXXXXXXXXXXX*******XXXXXXXXXXXXXXXXXXXXXXXXXXXXXXXX","XXXXXXXX",394,341,26,33,56,341,TRUE,FALSE,0.865482233502538,2.05803308255343,0.444943690735907,12,33,TRUE,"none","none",1,0,"none","TCCGTCCA"
"39",40,"XXXXXXXXXXXXXXX*******************************XXXXXXXXXX","********",26,110,26,33,56,26,TRUE,TRUE,4.23076923076923,10.0603602298518,3.8102306880026,12,33,FALSE,"miR-184,-1","none",1,0,"none","TCCGTCCA"
"40",41,"XXXXXXXXXXXXXX***XXXXXXXXXXXXXXXXXXXXXXXXXXXXXXXXXXXXXXX","XXXXXXXX",116,59,26,33,56,59,TRUE,FALSE,0.508620689655172,1.20945083014049,0.0880821468885409,12,33,TRUE,"none","none",1,0,"none","TCCGTCCA"
"41",42,"XXXXXXXXXXX********XXXXXXXXXXXXXXXXXXXXXXXXXXXXXXXXXXXXX","XXXXXXXX",50,14,26,33,56,14,TRUE,FALSE,0.28,0.665812931575644,-0.140538542766631,12,33,TRUE,"none","none",1,0,"none","TCCGTCCA"
"42",43,"XXXXXXXXXXXXXXXX*****************XXXXXXXXXXXXXXXXXXXXXXX","********",978,5578,26,33,56,978,TRUE,TRUE,5.70347648261759,13.5623157038013,5.28293793985096,12,33,TRUE,"miR-184,-1","none",1,0,"none","TCCGTCCA"
"43",44,"XXXXXXXXXXXXXXXXX*************XXXXXXXXXXXXXXXXXXXXXXXXXX","*****XXX",106,554,26,33,56,106,TRUE,TRUE,5.22641509433962,12.4279098414052,4.80587655157299,12,33,TRUE,"miR-184,-1","none",1,0,"none","TCCGTCCA"
"44",46,"XXXXXXXXXXXXXXXXX*****************************XXXXXXXXXX","********",287,1657,26,33,56,287,TRUE,TRUE,5.77351916376307,13.728870428333,5.35298062099644,12,33,FALSE,"miR-184,-1","none",1,0,"none","TCCGTCCA"
"45",47,"XXXXXXXXXXXXXXXXXX***********XXXXXXXXXXXXXXXXXXXXXXXXXXX","****XXXX",181,1050,26,33,56,181,TRUE,TRUE,5.80110497237569,13.7944668144125,5.38056642960906,12,33,TRUE,"miR-184,-1","none",1,0,"none","TCCGTCCA"
"46",48,"XXXXXXXXXXXXXX******XXXXXXXXXXXXXXXXXXXXXXXXXXXXXXXXXXXX","XXXXXXXX",47,28,26,33,56,28,TRUE,FALSE,0.595744680851064,1.41662325867158,0.175206138084432,12,33,TRUE,"none","none",1,0,"none","TCCGTCCA"
"47",50,"XXXXXXXXXXXXXXXXXX*************************XXXXXXXXXXXXX","********",103,599,26,33,56,103,TRUE,TRUE,5.81553398058252,13.8287776010336,5.39499543781589,12,33,FALSE,"miR-184,-1","none",1,0,"none","TCCGTCCA"
"48",51,"XXXXXXX**************XXXXXXXXXXXXXXXXXXXXXXXXXXXXXXXXXXX","XXXXXXXX",28,4,26,33,56,4,TRUE,FALSE,0.142857142857143,0.339700475293696,-0.277681399909489,12,33,FALSE,"none","none",1,0,"none","TCCGTCCA"
"49",52,"XXXXXXXXXXXXXXXX****************************XXXXXXXXXXXX","********",319,1788,26,33,56,319,TRUE,TRUE,5.60501567398119,13.3281854193602,5.18447713121456,12,33,FALSE,"miR-184,-1","none",1,0,"none","TCCGTCCA"
"50",53,"XXXXXXXXXXXXXXXXXX*********XXXXXXXXXXXXXXXXXXXXXXXXXXXXX","**XXXXXX",167,916,26,33,56,167,TRUE,TRUE,5.48502994011976,13.0428709436118,5.06449139735313,12,33,TRUE,"miR-184,-1","none",1,0,"none","TCCGTCCA"
"51",54,"XXXXXXXXXXXXXXX*************XXXXXXXXXXXXXXXXXXXXXXXXXXXX","***XXXXX",30,102,26,33,56,30,TRUE,TRUE,3.4,8.08487131198996,2.97946145723337,12,33,TRUE,"miR-184,-1","none",1,0,"none","TCCGTCCA"
"52",55,"XXXXXXXXX*******XXXXXXXXXXXXXXXXXXXXXXXXXXXXXXXXXXXXXXXX","XXXXXXXX",36,36,26,33,56,36,TRUE,FALSE,1,2.37790332705587,0.579461457233369,12,33,FALSE,"none","none",1,0,"none","TCCGTCCA"
"53",56,"XXXXXXXXXXXXXXX**XXXXXXXXXXXXXXXXXXXXXXXXXXXXXXXXXXXXXXX","XXXXXXXX",159,66,26,33,56,66,TRUE,FALSE,0.415094339622642,0.987054211230738,-0.00544420314398991,12,33,TRUE,"none","none",1,0,"none","TCCGTCCA"
"54",57,"XXXXXXXXXXXXX*****XXXXXXXXXXXXXXXXXXXXXXXXXXXXXXXXXXXXXX","XXXXXXXX",180,134,26,33,56,134,TRUE,FALSE,0.744444444444444,1.7702169212527,0.323905901677813,12,33,TRUE,"none","none",1,0,"none","TCCGTCCA"
"55",58,"XXXXXXXXXXXXXXXX*****XXXXXXXXXXXXXXXXXXXXXXXXXXXXXXXXXXX","XXXXXXXX",59,28,26,33,56,28,TRUE,FALSE,0.474576271186441,1.12849649419601,0.0540377284198093,12,33,TRUE,"none","none",1,0,"none","TCCGTCCA"
"56",59,"XXXXXXXXXXXXXXXXXX*******************************XXXXXXX","********",29,299,26,33,56,29,TRUE,TRUE,10.3103448275862,24.5170032686105,9.88980628481957,12,33,FALSE,"miR-184,-1","none",1,0,"none","TCCGTCCA"
"57",60,"XXXXXXXXXXX******XXXXXXXXXXXXXXXXXXXXXXXXXXXXXXXXXXXXXXX","XXXXXXXX",55,32,26,33,56,32,TRUE,FALSE,0.581818181818182,1.38350739028705,0.16127963905155,12,33,TRUE,"none","none",1,0,"none","TCCGTCCA"
"58",61,"XXXXXXXXXXXXX****XXXXXXXXXXXXXXXXXXXXXXXXXXXXXXXXXXXXXXX","XXXXXXXX",97,55,26,33,56,55,TRUE,FALSE,0.56701030927835,1.34829570090797,0.146471766511719,12,33,TRUE,"none","none",1,0,"none","TCCGTCCA"
"59",62,"XXXXXXXXXXXXXXXXXX************XXXXXXXXXXXXXXXXXXXXXXXXXX","*****XXX",164,639,26,33,56,164,TRUE,TRUE,3.89634146341463,9.26512332919939,3.475802920648,12,33,TRUE,"miR-184,-1","none",1,0,"none","TCCGTCCA"
"60",63,"XXXXXXXXXXXXXXXXXXX**XXXXXXXXXXXXXXXXXXXXXXXXXXXXXXXXXXX","XXXXXXXX",99,66,26,33,56,66,TRUE,FALSE,0.666666666666667,1.58526888470391,0.246128123900035,12,33,TRUE,"none","none",1,0,"none","TCCGTCCA"
"61",64,"XXXXXXXXXXXX*****XXXXXXXXXXXXXXXXXXXXXXXXXXXXXXXXXXXXXXX","XXXXXXXX",54,77,26,33,56,54,TRUE,FALSE,1.42592592592593,3.39071400339448,1.00538738315929,12,33,TRUE,"none","none",1,0,"none","TCCGTCCA"
"62",65,"XXXXXXXXXXXXXXXXXX***********************XXXXXXXXXXXXXXX","********",67,689,26,33,56,67,TRUE,TRUE,10.2835820895522,24.4533640647984,9.86304354678561,12,33,FALSE,"miR-184,-1","none",1,0,"none","TCCGTCCA"
"63",66,"XXXXXXXXXXXXX************XXXXXXXXXXXXXXXXXXXXXXXXXXXXXXX","XXXXXXXX",31,8,26,33,56,8,TRUE,FALSE,0.258064516129032,0.613652471498289,-0.162474026637599,12,33,TRUE,"none","none",1,0,"none","TCCGTCCA"
"64",67,"XXXXXXXXXXXXXXXXXX********XXXXXXXXXXXXXXXXXXXXXXXXXXXXXX","*XXXXXXX",175,318,26,33,56,175,TRUE,TRUE,1.81714285714286,4.32099004573581,1.39660431437623,12,33,TRUE,"miR-184,-1","none",1,0,"none","TCCGTCCA"
"65",68,"XXXXXXXXXXXXXX********************XXXXXXXXXXXXXXXXXXXXXX","********",10,32,26,33,56,10,TRUE,TRUE,3.2,7.60929064657878,2.77946145723337,12,33,FALSE,"miR-184,-1","none",1,0,"none","TCCGTCCA"
"66",69,"XXX*********************************XXXXXXXXXXXXXXXXXXXX","********",8,4,26,33,56,4,TRUE,TRUE,0.5,1.18895166352793,0.0794614572333686,12,33,FALSE,"miR-184,-1","none",1,0,"none","TCCGTCCA"
"67",70,"XXXXXXXXXXXXXXXXX********************************XXXXXXX","********",107,360,26,33,56,107,TRUE,TRUE,3.36448598130841,8.0004224087861,2.94394743854178,12,33,FALSE,"miR-184,-1","none",1,0,"none","TCCGTCCA"
"68",71,"XXXXXX***********XXXXXXXXXXXXXXXXXXXXXXXXXXXXXXXXXXXXXXX","XXXXXXXX",15,2,26,33,56,2,TRUE,FALSE,0.133333333333333,0.317053776940783,-0.287205209433298,12,33,FALSE,"none","none",1,0,"none","TCCGTCCA"
"69",72,"XXXXXXXXXXXXXXXXXXX****XXXXXXXXXXXXXXXXXXXXXXXXXXXXXXXXX","XXXXXXXX",24,24,26,33,56,24,TRUE,FALSE,1,2.37790332705587,0.579461457233369,12,33,TRUE,"none","none",1,0,"none","TCCGTCCA"
"70",73,"XXXXXXXXXXXXXXXXXX*********************XXXXXXXXXXXXXXXXX","********",30,728,26,33,56,30,TRUE,TRUE,24.2666666666667,57.7037874032224,23.8461281239,12,33,FALSE,"miR-184,-1","none",1,0,"none","TCCGTCCA"
"71",74,"XXXXXXXXXXXXXXX******************XXXXXXXXXXXXXXXXXXXXXXX","********",25,49,26,33,56,25,TRUE,TRUE,1.96,4.6606905210295,1.53946145723337,12,33,TRUE,"miR-184,-1","none",1,0,"none","TCCGTCCA"
"72",75,"XXXXXXXXXXXXXXXXXX******************************XXXXXXXX","********",57,514,26,33,56,57,TRUE,TRUE,9.01754385964912,21.4428475457319,8.59700531688249,12,33,FALSE,"miR-184,-1","none",1,0,"none","TCCGTCCA"
"73",76,"XXXXXXXXXXXXXXXXXX*************XXXXXXXXXXXXXXXXXXXXXXXXX","******XX",102,458,26,33,56,102,TRUE,TRUE,4.49019607843137,10.6772521940352,4.06965753566474,12,33,TRUE,"miR-184,-1","none",1,0,"none","TCCGTCCA"
"74",77,"XXXXXXXXXXXXXXXXX********XXXXXXXXXXXXXXXXXXXXXXXXXXXXXXX","XXXXXXXX",152,255,26,33,56,152,TRUE,FALSE,1.67763157894737,3.98924571315294,1.25709303618074,12,33,TRUE,"none","none",1,0,"none","TCCGTCCA"
"75",78,"XXXXXXXXXXXXX****************XXXXXXXXXXXXXXXXXXXXXXXXXXX","****XXXX",15,44,26,33,56,15,TRUE,TRUE,2.93333333333333,6.97518309269722,2.5127947905667,12,33,TRUE,"miR-184,-1","none",1,0,"none","TCCGTCCA"
"76",79,"XXXXXXXXXXXXXXX*******XXXXXXXXXXXXXXXXXXXXXXXXXXXXXXXXXX","XXXXXXXX",20,16,26,33,56,16,TRUE,FALSE,0.8,1.9023226616447,0.379461457233369,12,33,TRUE,"none","none",1,0,"none","TCCGTCCA"
"77",80,"XXXXXXXXXXX***************XXXXXXXXXXXXXXXXXXXXXXXXXXXXXX","*XXXXXXX",133,85,26,33,56,85,TRUE,TRUE,0.639097744360902,1.51971265262969,0.218559201594271,12,33,TRUE,"miR-184,-1","none",1,0,"none","TCCGTCCA"
"78",81,"*******************XXXXXXXXXXXXXXXXXXXXXXXXXXXXXXXXXXXXX","XXXXXXXX",16,10,26,33,56,10,TRUE,FALSE,0.625,1.48618957940992,0.204461457233369,12,33,FALSE,"none","none",1,0,"none","TCCGTCCA"
"79",82,"XXXXXXXXXXXXXXX**********XXXXXXXXXXXXXXXXXXXXXXXXXXXXXXX","XXXXXXXX",7,22,26,33,56,7,TRUE,FALSE,3.14285714285714,7.4734104564613,2.72231860009051,12,33,TRUE,"none","none",1,0,"none","TCCGTCCA"
"80",83,"XXXXXXXXXXXXXXXXXX*****************************XXXXXXXXX","********",124,438,26,33,56,124,TRUE,TRUE,3.53225806451613,8.39936820363283,3.1117195217495,12,33,FALSE,"miR-184,-1","none",1,0,"none","TCCGTCCA"
"81",84,"XXXXXXXXXXXXXXXX***********************XXXXXXXXXXXXXXXXX","********",60,1000,26,33,56,60,TRUE,TRUE,16.6666666666667,39.6317221175978,16.2461281239,12,33,FALSE,"miR-184,-1","none",1,0,"none","TCCGTCCA"
"82",85,"XX************************************XXXXXXXXXXXXXXXXXX","********",14,22,26,33,56,14,TRUE,TRUE,1.57142857142857,3.73670522823065,1.15089002866194,12,33,FALSE,"miR-184,-1","none",1,0,"none","TCCGTCCA"
"83",86,"XXXXXXXX********XXXXXXXXXXXXXXXXXXXXXXXXXXXXXXXXXXXXXXXX","XXXXXXXX",20,18,26,33,56,18,TRUE,FALSE,0.9,2.14011299435028,0.479461457233369,12,33,FALSE,"none","none",1,0,"none","TCCGTCCA"
"84",87,"XXXXXXXXXXXXX*************************XXXXXXXXXXXXXXXXXX","********",58,62,26,33,56,58,TRUE,TRUE,1.06896551724138,2.54189665995627,0.648426974474748,12,33,FALSE,"miR-184,-1","none",1,0,"none","TCCGTCCA"
"85",89,"XXXXXXXXX******************************XXXXXXXXXXXXXXXXX","********",17,2,26,33,56,2,TRUE,TRUE,0.117647058823529,0.279753332594808,-0.302891483943102,12,33,FALSE,"miR-184,-1","none",1,0,"none","TCCGTCCA"
"86",90,"XXXXXXXXXXXXXX*********XXXXXXXXXXXXXXXXXXXXXXXXXXXXXXXXX","XXXXXXXX",4,16,26,33,56,4,TRUE,FALSE,4,9.51161330822348,3.57946145723337,12,33,TRUE,"none","none",1,0,"none","TCCGTCCA"
"87",91,"XXXXXXXXXXXXXXXXXXX******************XXXXXXXXXXXXXXXXXXX","********",62,315,26,33,56,62,TRUE,TRUE,5.08064516129032,12.0812830326226,4.66010661852369,12,33,FALSE,"miR-184,-1","none",1,0,"none","TCCGTCCA"
"88",92,"XXXXXXXXXXXXX***********XXXXXXXXXXXXXXXXXXXXXXXXXXXXXXXX","XXXXXXXX",36,11,26,33,56,11,TRUE,FALSE,0.305555555555556,0.72658157215596,-0.114982987211076,12,33,TRUE,"none","none",1,0,"none","TCCGTCCA"
"89",93,"XXXXXXXXXXXXX**********XXXXXXXXXXXXXXXXXXXXXXXXXXXXXXXXX","XXXXXXXX",94,23,26,33,56,23,TRUE,FALSE,0.24468085106383,0.581827409811543,-0.175857691702802,12,33,TRUE,"none","none",1,0,"none","TCCGTCCA"
"90",94,"XXXXXXXXXXXXXXX*****XXXXXXXXXXXXXXXXXXXXXXXXXXXXXXXXXXXX","XXXXXXXX",27,18,26,33,56,18,TRUE,FALSE,0.666666666666667,1.58526888470391,0.246128123900035,12,33,TRUE,"none","none",1,0,"none","TCCGTCCA"
"91",95,"XXXXXXXXXXXXXXXXXXX*****************************XXXXXXXX","********",56,68,26,33,56,56,TRUE,TRUE,1.21428571428571,2.88745403999641,0.793747171519083,12,33,FALSE,"miR-184,-1","none",1,0,"none","TCCGTCCA"
"92",96,"XXXXXXXXXXXX*******XXXXXXXXXXXXXXXXXXXXXXXXXXXXXXXXXXXXX","XXXXXXXX",43,12,26,33,56,12,TRUE,FALSE,0.27906976744186,0.663600928480708,-0.141468775324771,12,33,TRUE,"none","none",1,0,"none","TCCGTCCA"
"93",97,"XXXXXXXXXXXXXXXXXX*******XXXXXXXXXXXXXXXXXXXXXXXXXXXXXXX","XXXXXXXX",79,72,26,33,56,72,TRUE,FALSE,0.911392405063291,2.16720303225345,0.49085386229666,12,33,TRUE,"none","none",1,0,"none","TCCGTCCA"
"94",98,"XXXXXXXXXX**XX*******XXXXXXXXXXXXXXXXXXXXXXXXXXXXXXXXXXX","XXXXXXXX",12,4,26,33,56,4,TRUE,FALSE,0.333333333333333,0.792634442351956,-0.0872052094332981,12,33,FALSE,"none","none",1,0,"none","TCCGTCCA"
"95",99,"XXXXXXXXXXXXXXX***XXXXXXXXXXXXXXXXXXXXXXXXXXXXXXXXXXXXXX","XXXXXXXX",6,7,26,33,56,6,TRUE,FALSE,1.16666666666667,2.77422054823185,0.746128123900035,12,33,TRUE,"none","none",1,0,"none","TCCGTCCA"
"96",100,"XXXXXXXXXXX**********XXXXXXXXXXXXXXXXXXXXXXXXXXXXXXXXXXX","XXXXXXXX",18,20,26,33,56,18,TRUE,FALSE,1.11111111111111,2.64211480783986,0.69057256834448,12,33,TRUE,"none","none",1,0,"none","TCCGTCCA"
"97",102,"XXXXXXXXXXXXXXXXXX****************************XXXXXXXXXX","********",143,715,26,33,56,143,TRUE,TRUE,5,11.8895166352793,4.57946145723337,12,33,FALSE,"miR-184,-1","none",1,0,"none","TCCGTCCA"
"98",104,"XXXXXXXXXXXXXXXXXXX**************XXXXXXXXXXXXXXXXXXXXXXX","********",48,19,26,33,56,19,TRUE,TRUE,0.395833333333333,0.941253400292948,-0.0247052094332981,12,33,TRUE,"miR-184,-1","none",1,0,"none","TCCGTCCA"
"99",105,"XXXXX************************************XXXXXXXXXXXXXXX","********",40,110,26,33,56,40,TRUE,TRUE,2.75,6.53923414940364,2.32946145723337,12,33,FALSE,"miR-184,-1","none",1,0,"none","TCCGTCCA"
"100",106,"XXXX***************XXXXXXXXXXXXXXXXXXXXXXXXXXXXXXXXXXXXX","XXXXXXXX",26,2,26,33,56,2,TRUE,FALSE,0.0769230769230769,0.182915640542759,-0.343615465843555,12,33,FALSE,"none","none",1,0,"none","TCCGTCCA"
"101",107,"XXXXXXXXXX*********XXXXXXXXXXXXXXXXXXXXXXXXXXXXXXXXXXXXX","XXXXXXXX",8,8,26,33,56,8,TRUE,FALSE,1,2.37790332705587,0.579461457233369,12,33,FALSE,"none","none",1,0,"none","TCCGTCCA"
"102",109,"XXXXXXXXXXXXXXXXXXXX************XXXXXXXXXXXXXXXXXXXXXXXX","*******X",18,9,26,33,56,9,TRUE,TRUE,0.5,1.18895166352793,0.0794614572333686,12,33,TRUE,"miR-184,-1","none",1,0,"none","TCCGTCCA"
"103",112,"XXXXXXXXXXXXXXXXXXX*****************XXXXXXXXXXXXXXXXXXXX","********",64,483,26,33,56,64,TRUE,TRUE,7.546875,17.9457391713748,7.12633645723337,12,33,FALSE,"miR-184,-1","none",1,0,"none","TCCGTCCA"
"104",113,"XXXXXXXXXXX*******************XXXXXXXXXXXXXXXXXXXXXXXXXX","*****XXX",31,122,26,33,56,31,TRUE,TRUE,3.93548387096774,9.35820019034891,3.51494532820111,12,33,TRUE,"miR-184,-1","none",1,0,"none","TCCGTCCA"
"105",114,"XXXXXXXXXXXXXXXXXXX*************XXXXXXXXXXXXXXXXXXXXXXXX","*******X",26,54,26,33,56,26,TRUE,TRUE,2.07692307692308,4.9387222946545,1.65638453415645,12,33,TRUE,"miR-184,-1","none",1,0,"none","TCCGTCCA"
"106",115,"XXXXXXXXXXXXXXXXXX**************************XXXXXXXXXXXX","********",77,510,26,33,56,77,TRUE,TRUE,6.62337662337662,15.7497493090713,6.20283808060999,12,33,FALSE,"miR-184,-1","none",1,0,"none","TCCGTCCA"
"107",116,"XXXXXX*****************XXXXXXXXXXXXXXXXXXXXXXXXXXXXXXXXX","XXXXXXXX",25,6,26,33,56,6,TRUE,FALSE,0.24,0.570696798493409,-0.180538542766631,12,33,FALSE,"none","none",1,0,"none","TCCGTCCA"
"108",117,"XXXXXXXXXXXXXXXX**********XXXXXXXXXXXXXXXXXXXXXXXXXXXXXX","*XXXXXXX",23,32,26,33,56,23,TRUE,TRUE,1.39130434782609,3.30838723764295,0.970765805059455,12,33,TRUE,"miR-184,-1","none",1,0,"none","TCCGTCCA"
"109",119,"XXXXXXXXXXXXXXXXXXX************XXXXXXXXXXXXXXXXXXXXXXXXX","******XX",30,87,26,33,56,30,TRUE,TRUE,2.9,6.89591964846202,2.47946145723337,12,33,TRUE,"miR-184,-1","none",1,0,"none","TCCGTCCA"
"110",120,"XXXXXXXXXXXXXXXX*******XXXXXXXXXXXXXXXXXXXXXXXXXXXXXXXXX","XXXXXXXX",31,13,26,33,56,13,TRUE,FALSE,0.419354838709677,0.99718526618472,-0.001183704056954,12,33,TRUE,"none","none",1,0,"none","TCCGTCCA"
"111",121,"XXXXXXXXXXXXXXXXX**************XXXXXXXXXXXXXXXXXXXXXXXXX","******XX",49,307,26,33,56,49,TRUE,TRUE,6.26530612244898,14.8982922735949,5.84476757968235,12,33,TRUE,"miR-184,-1","none",1,0,"none","TCCGTCCA"
"112",122,"XXXXXXXXXXXXXX****XXXXXXXXXXXXXXXXXXXXXXXXXXXXXXXXXXXXXX","XXXXXXXX",44,32,26,33,56,32,TRUE,FALSE,0.727272727272727,1.72938423785881,0.306734184506096,12,33,TRUE,"none","none",1,0,"none","TCCGTCCA"
"113",123,"XXXXXXXXXXXXX******XXXXXXXXXXXXXXXXXXXXXXXXXXXXXXXXXXXXX","XXXXXXXX",12,6,26,33,56,6,TRUE,FALSE,0.5,1.18895166352793,0.0794614572333686,12,33,TRUE,"none","none",1,0,"none","TCCGTCCA"
"114",124,"XXXXXXXXX**********XXXXXXXXXXXXXXXXXXXXXXXXXXXXXXXXXXXXX","XXXXXXXX",44,2,26,33,56,2,TRUE,FALSE,0.0454545454545455,0.108086514866176,-0.375083997312086,12,33,FALSE,"none","none",1,0,"none","TCCGTCCA"
"115",125,"XXXXXXXXXXXXXXXXXXX*********XXXXXXXXXXXXXXXXXXXXXXXXXXXX","***XXXXX",30,270,26,33,56,30,TRUE,TRUE,9,21.4011299435028,8.57946145723337,12,33,TRUE,"miR-184,-1","none",1,0,"none","TCCGTCCA"
"116",126,"XXXXXXXXXXXXXXX*******************XXXXXXXXXXXXXXXXXXXXXX","********",9,38,26,33,56,9,TRUE,TRUE,4.22222222222222,10.0400362697915,3.80168367945559,12,33,FALSE,"miR-184,-1","none",1,0,"none","TCCGTCCA"
"117",127,"XXXXXXXXXXXXXXXXXXX*********************XXXXXXXXXXXXXXXX","********",37,70,26,33,56,37,TRUE,TRUE,1.89189189189189,4.49873602415975,1.47135334912526,12,33,FALSE,"miR-184,-1","none",1,0,"none","TCCGTCCA"
"118",128,"XXXXXXXXXXXXXXXXXXX****************XXXXXXXXXXXXXXXXXXXXX","********",24,138,26,33,56,24,TRUE,TRUE,5.75,13.6729441305713,5.32946145723337,12,33,FALSE,"miR-184,-1","none",1,0,"none","TCCGTCCA"
"119",129,"XXXXXXXXXXXXXXXX********XXXXXXXXXXXXXXXXXXXXXXXXXXXXXXXX","XXXXXXXX",28,9,26,33,56,9,TRUE,FALSE,0.321428571428571,0.764326069410815,-0.09910997133806,12,33,TRUE,"none","none",1,0,"none","TCCGTCCA"
"120",130,"XXXXXXXXXX***********XXXXXXXXXXXXXXXXXXXXXXXXXXXXXXXXXXX","XXXXXXXX",6,6,26,33,56,6,TRUE,FALSE,1,2.37790332705587,0.579461457233369,12,33,FALSE,"none","none",1,0,"none","TCCGTCCA"
"121",131,"XXXXXXXXXXXXXXXXXXXX**********XXXXXXXXXXXXXXXXXXXXXXXXXX","*****XXX",12,2,26,33,56,2,TRUE,TRUE,0.166666666666667,0.396317221175978,-0.253871876099965,12,33,TRUE,"miR-184,-1","none",1,0,"none","TCCGTCCA"
"122",132,"XXXXXXXXXXXX**********************XXXXXXXXXXXXXXXXXXXXXX","********",16,6,26,33,56,6,TRUE,TRUE,0.375,0.891713747645951,-0.0455385427666314,12,33,FALSE,"miR-184,-1","none",1,0,"none","TCCGTCCA"
"123",133,"********************************XXXXXXXXXXXXXXXXXXXXXXXX","*******X",6,18,26,33,56,6,TRUE,TRUE,3,7.13370998116761,2.57946145723337,12,33,FALSE,"miR-184,-1","none",1,0,"none","TCCGTCCA"
"124",135,"XXXXXXXXXXXXXX**************XXXXXXXXXXXXXXXXXXXXXXXXXXXX","***XXXXX",44,115,26,33,56,44,TRUE,TRUE,2.61363636363636,6.21497460480511,2.19309782086973,12,33,TRUE,"miR-184,-1","none",1,0,"none","TCCGTCCA"
"125",136,"XXXXXXXXXXXXXXX********XXXXXXXXXXXXXXXXXXXXXXXXXXXXXXXXX","XXXXXXXX",10,8,26,33,56,8,TRUE,FALSE,0.8,1.9023226616447,0.379461457233369,12,33,TRUE,"none","none",1,0,"none","TCCGTCCA"
"126",137,"XXXXXXXXXXXXX*XXXXXXXXXXXXXXXXXXXXXXXXXXXXXXXXXXXXXXXXXX","XXXXXXXX",7,1,26,33,56,1,TRUE,FALSE,0.142857142857143,0.339700475293696,-0.277681399909489,12,33,TRUE,"none","none",1,0,"none","TCCGTCCA"
"127",138,"XXXXXXXXXXXXXXXX******************************XXXXXXXXXX","********",10,124,26,33,56,10,TRUE,TRUE,12.4,29.4860012554928,11.9794614572334,12,33,FALSE,"miR-184,-1","none",1,0,"none","TCCGTCCA"
"128",139,"XXXXXXXXXXXXXXXXXXX***********************XXXXXXXXXXXXXX","********",6,76,26,33,56,6,TRUE,TRUE,12.6666666666667,30.1201088093743,12.2461281239,12,33,FALSE,"miR-184,-1","none",1,0,"none","TCCGTCCA"
"129",140,"XXXX************XXXXXXXXXXXXXXXXXXXXXXXXXXXXXXXXXXXXXXXX","XXXXXXXX",2,2,26,33,56,2,TRUE,FALSE,1,2.37790332705587,0.579461457233369,12,33,FALSE,"none","none",1,0,"none","TCCGTCCA"
"130",141,"XXXXXXXXXXXXXXXXXX************************XXXXXXXXXXXXXX","********",86,397,26,33,56,86,TRUE,TRUE,4.61627906976744,10.9770653586184,4.19574052700081,12,33,FALSE,"miR-184,-1","none",1,0,"none","TCCGTCCA"
"131",142,"XXXXXXXXXXXXXXXXXXXXXXXXXXXXXXXX*XXXXXXXXXXXXXXXXXXXXXXX","XXXXXXX*",18,12,26,33,56,12,TRUE,TRUE,0.666666666666667,1.58526888470391,0.246128123900035,12,33,TRUE,"none","none",1,0,"none","TCCGTCCA"
"132",144,"XXXXXXXXXXXXXXXXXXX********XXXXXXXXXXXXXXXXXXXXXXXXXXXXX","**XXXXXX",18,121,26,33,56,18,TRUE,TRUE,6.72222222222222,15.9847945874311,6.30168367945559,12,33,TRUE,"miR-184,-1","none",1,0,"none","TCCGTCCA"
"133",145,"XXXXXXXXXXXXXX*XXXXXXXXXXXXXXXXXXXXXXXXXXXXXXXXXXXXXXXXX","XXXXXXXX",19,20,26,33,56,19,TRUE,FALSE,1.05263157894737,2.50305613374302,0.632093036180737,12,33,TRUE,"none","none",1,0,"none","TCCGTCCA"
"134",146,"XXXXXXXXXXXXXXXXXXX****************************XXXXXXXXX","********",6,45,26,33,56,6,TRUE,TRUE,7.5,17.834274952919,7.07946145723337,12,33,FALSE,"miR-184,-1","none",1,0,"none","TCCGTCCA"
"135",147,"XXXXXXXXXXX*********XXXXXXXXXXXXXXXXXXXXXXXXXXXXXXXXXXXX","XXXXXXXX",12,25,26,33,56,12,TRUE,FALSE,2.08333333333333,4.95396526469973,1.6627947905667,12,33,TRUE,"none","none",1,0,"none","TCCGTCCA"
"136",148,"XXXXXXXXXXXXXXX*****************XXXXXXXXXXXXXXXXXXXXXXXX","*******X",1,21,26,33,56,1,TRUE,TRUE,21,49.9359698681733,20.5794614572334,12,33,TRUE,"miR-184,-1","none",1,0,"none","TCCGTCCA"
"137",150,"XXXXXXXXXXXX*************************XXXXXXXXXXXXXXXXXXX","********",20,42,26,33,56,20,TRUE,TRUE,2.1,4.99359698681733,1.67946145723337,12,33,FALSE,"miR-184,-1","none",1,0,"none","TCCGTCCA"
"138",151,"XXXXXXXXXXXXXXXX************XXXXXXXXXXXXXXXXXXXXXXXXXXXX","***XXXXX",8,84,26,33,56,8,TRUE,TRUE,10.5,24.9679849340866,10.0794614572334,12,33,TRUE,"miR-184,-1","none",1,0,"none","TCCGTCCA"
"139",153,"XXXXXXXXXXXXXXXXX*******************************XXXXXXXX","********",54,897,26,33,56,54,TRUE,TRUE,16.6111111111111,39.4996163772058,16.1905725683445,12,33,FALSE,"miR-184,-1","none",1,0,"none","TCCGTCCA"
"140",154,"XXXXXXXXXXXX*************XXXXXXXXXXXXXXXXXXXXXXXXXXXXXXX","XXXXXXXX",4,2,26,33,56,2,TRUE,FALSE,0.5,1.18895166352793,0.0794614572333686,12,33,TRUE,"none","none",1,0,"none","TCCGTCCA"
"141",156,"XXXXXXXXXXXXX*******XXXXXXXXXXXXXXXXXXXXXXXXXXXXXXXXXXXX","XXXXXXXX",37,5,26,33,56,5,TRUE,FALSE,0.135135135135135,0.321338287439982,-0.285403407631496,12,33,TRUE,"none","none",1,0,"none","TCCGTCCA"
"142",157,"XXXXXXXXXXXXXXXXXX********************************XXXXXX","********",21,367,26,33,56,21,TRUE,TRUE,17.4761904761905,41.5566914775954,17.0556519334238,12,33,FALSE,"miR-184,-1","none",1,0,"none","TCCGTCCA"
"143",158,"XXXXXXXXXXXXXXXXXXX*******************XXXXXXXXXXXXXXXXXX","********",23,87,26,33,56,23,TRUE,TRUE,3.78260869565217,8.99467780234177,3.36207015288554,12,33,FALSE,"miR-184,-1","none",1,0,"none","TCCGTCCA"
"144",160,"XXXXXXXXXXXXXXXXXXX**********XXXXXXXXXXXXXXXXXXXXXXXXXXX","****XXXX",20,134,26,33,56,20,TRUE,TRUE,6.7,15.9319522912743,6.27946145723337,12,33,TRUE,"miR-184,-1","none",1,0,"none","TCCGTCCA"
"145",161,"XXXXXXXXXXX***********************XXXXXXXXXXXXXXXXXXXXXX","********",6,4,26,33,56,4,TRUE,TRUE,0.666666666666667,1.58526888470391,0.246128123900035,12,33,FALSE,"miR-184,-1","none",1,0,"none","TCCGTCCA"
"146",162,"XXXXXXXXXXXXXX***************XXXXXXXXXXXXXXXXXXXXXXXXXXX","****XXXX",4,12,26,33,56,4,TRUE,TRUE,3,7.13370998116761,2.57946145723337,12,33,TRUE,"miR-184,-1","none",1,0,"none","TCCGTCCA"
"147",163,"XXXXXXXXXXXXXXX******XXXXXXXXXXXXXXXXXXXXXXXXXXXXXXXXXXX","XXXXXXXX",33,36,26,33,56,33,TRUE,FALSE,1.09090909090909,2.59407635678822,0.670370548142459,12,33,TRUE,"none","none",1,0,"none","TCCGTCCA"
"148",164,"XXXXXXXXXXXXXXXXXX****XXXXXXXXXX*XXXXXXXXXXXXXXXXXXXXXXX","XXXXXXX*",4,2,26,33,56,2,TRUE,TRUE,0.5,1.18895166352793,0.0794614572333686,12,33,TRUE,"none","none",1,0,"none","TCCGTCCA"
"149",165,"XXXXXXXXXXXXXXXXX**XXXXXXXXXXXXX*XXXXXXXXXXXXXXXXXXXXXXX","XXXXXXX*",12,4,26,33,56,4,TRUE,TRUE,0.333333333333333,0.792634442351956,-0.0872052094332981,12,33,TRUE,"none","none",1,0,"none","TCCGTCCA"
"150",166,"XXXXXXXXXXXXXXXXXXXX*******XXXXXXXXXXXXXXXXXXXXXXXXXXXXX","**XXXXXX",12,8,26,33,56,8,TRUE,TRUE,0.666666666666667,1.58526888470391,0.246128123900035,12,33,TRUE,"miR-184,-1","none",1,0,"none","TCCGTCCA"
"151",169,"*****************XXXXXXXXXXXXXXXXXXXXXXXXXXXXXXXXXXXXXXX","XXXXXXXX",13,22,26,33,56,13,TRUE,FALSE,1.69230769230769,4.0241440919407,1.27176914954106,12,33,FALSE,"none","none",1,0,"none","TCCGTCCA"
"152",171,"XXXXXXXXXXXXXXX**************************XXXXXXXXXXXXXXX","********",8,14,26,33,56,8,TRUE,TRUE,1.75,4.16133082234777,1.32946145723337,12,33,FALSE,"miR-184,-1","none",1,0,"none","TCCGTCCA"
"153",172,"XXXXXXX******XXX***XXXXXXXXXXXXXXXXXXXXXXXXXXXXXXXXXXXXX","XXXXXXXX",6,2,26,33,56,2,TRUE,FALSE,0.333333333333333,0.792634442351956,-0.0872052094332981,12,33,FALSE,"none","none",1,0,"none","TCCGTCCA"
"154",173,"XXXXXX******************XXXXXXXXXXXXXXXXXXXXXXXXXXXXXXXX","XXXXXXXX",13,24,26,33,56,13,TRUE,FALSE,1.84615384615385,4.38997537302622,1.42561530338721,12,33,FALSE,"none","none",1,0,"none","TCCGTCCA"
"155",176,"XXXXXXXXXXXXXXXX***XXXXXXX*XXXXXXXXXXXXXXXXXXXXXXXXXXXXX","X*XXXXXX",4,2,26,33,56,2,TRUE,TRUE,0.5,1.18895166352793,0.0794614572333686,12,33,TRUE,"miR-184,-1","none",1,0,"none","TCCGTCCA"
"156",178,"XXXXXXXXXXXX************************XXXXXXXXXXXXXXXXXXXX","********",21,81,26,33,56,21,TRUE,TRUE,3.85714285714286,9.17191283292978,3.43660431437623,12,33,FALSE,"miR-184,-1","none",1,0,"none","TCCGTCCA"
"157",180,"XXXXXXXXXXXXXXXXXX**********XXXX*XXXXXXXXXXXXXXXXXXXXXXX","***XXXX*",2,4,26,33,56,2,TRUE,TRUE,2,4.75580665411174,1.57946145723337,12,33,TRUE,"miR-184,-1","none",1,0,"none","TCCGTCCA"
"158",181,"XXXXXXXXXXXX******XXXXXXXXXXXXXXXXXXXXXXXXXXXXXXXXXXXXXX","XXXXXXXX",24,20,26,33,56,20,TRUE,FALSE,0.833333333333333,1.98158610587989,0.412794790566702,12,33,TRUE,"none","none",1,0,"none","TCCGTCCA"
"159",182,"XXXXXXXXXXXXXXXX**********************XXXXXXXXXXXXXXXXXX","********",12,140,26,33,56,12,TRUE,TRUE,11.6666666666667,27.7422054823185,11.2461281239,12,33,FALSE,"miR-184,-1","none",1,0,"none","TCCGTCCA"
"160",183,"XXXXXXXXXXXXXXXXXXXX**XXXXXXXXXXXXXXXXXXXXXXXXXXXXXXXXXX","XXXXXXXX",22,16,26,33,56,16,TRUE,FALSE,0.727272727272727,1.72938423785881,0.306734184506096,12,33,TRUE,"none","none",1,0,"none","TCCGTCCA"
"161",186,"XXXXXXX***********XXXXXXXXXXXXXXXXXXXXXXXXXXXXXXXXXXXXXX","XXXXXXXX",4,14,26,33,56,4,TRUE,FALSE,3.5,8.32266164469554,3.07946145723337,12,33,FALSE,"none","none",1,0,"none","TCCGTCCA"
"162",188,"XXXXXXXXXXXX************XXXXXXXXXXXXXXXXXXXXXXXXXXXXXXXX","XXXXXXXX",12,2,26,33,56,2,TRUE,FALSE,0.166666666666667,0.396317221175978,-0.253871876099965,12,33,TRUE,"none","none",1,0,"none","TCCGTCCA"
"163",189,"********************XXXXXXXXXXXXXXXXXXXXXXXXXXXXXXXXXXXX","XXXXXXXX",9,6,26,33,56,6,TRUE,FALSE,0.666666666666667,1.58526888470391,0.246128123900035,12,33,FALSE,"none","none",1,0,"none","TCCGTCCA"
"164",192,"XXXXXXXXXXXXXXX*********XXXXXXXXXXXXXXXXXXXXXXXXXXXXXXXX","XXXXXXXX",8,9,26,33,56,8,TRUE,FALSE,1.125,2.67514124293785,0.704461457233369,12,33,TRUE,"none","none",1,0,"none","TCCGTCCA"
"165",193,"XXXXXXXXXX************XXXXXXXXXXXXXXXXXXXXXXXXXXXXXXXXXX","XXXXXXXX",12,12,26,33,56,12,TRUE,FALSE,1,2.37790332705587,0.579461457233369,12,33,FALSE,"none","none",1,0,"none","TCCGTCCA"
"166",195,"XXXXXXXXXXXXXXXX**XXXXXXXXXXXXXXXXXXXXXXXXXXXXXXXXXXXXXX","XXXXXXXX",15,40,26,33,56,15,TRUE,FALSE,2.66666666666667,6.34107553881565,2.24612812390004,12,33,TRUE,"none","none",1,0,"none","TCCGTCCA"
"167",196,"XXXXXXXXXXXXX****************************XXXXXXXXXXXXXXX","********",8,16,26,33,56,8,TRUE,TRUE,2,4.75580665411174,1.57946145723337,12,33,FALSE,"miR-184,-1","none",1,0,"none","TCCGTCCA"
"168",198,"XXXXXXXXXXXXXXXX*********XXXXXXXXXXXXXXXXXXXXXXXXXXXXXXX","XXXXXXXX",2,20,26,33,56,2,TRUE,FALSE,10,23.7790332705587,9.57946145723337,12,33,TRUE,"none","none",1,0,"none","TCCGTCCA"
"169",201,"XXXXXXXXXXXXXXXXXX***XXXXXXXXXXX*XXXXXXXXXXXXXXXXXXXXXXX","XXXXXXX*",2,2,26,33,56,2,TRUE,TRUE,1,2.37790332705587,0.579461457233369,12,33,TRUE,"none","none",1,0,"none","TCCGTCCA"
"170",202,"XXXXXXXXXXXXXXXX************************XXXXXXXXXXXXXXXX","********",6,13,26,33,56,6,TRUE,TRUE,2.16666666666667,5.15212387528772,1.74612812390004,12,33,FALSE,"miR-184,-1","none",1,0,"none","TCCGTCCA"
"171",204,"XXXXXXXXXXXXXXXXX************XXX*XXXXXXXXXXXXXXXXXXXXXXX","****XXX*",2,2,26,33,56,2,TRUE,TRUE,1,2.37790332705587,0.579461457233369,12,33,TRUE,"miR-184,-1","none",1,0,"none","TCCGTCCA"
"172",207,"XXXXXXXXXXXXXXX****XXXXXXXXXXXXXXXXXXXXXXXXXXXXXXXXXXXXX","XXXXXXXX",10,4,26,33,56,4,TRUE,FALSE,0.4,0.951161330822348,-0.0205385427666314,12,33,TRUE,"none","none",1,0,"none","TCCGTCCA"
"173",209,"XXXXXXX****************XXXXXXXXXXXXXXXXXXXXXXXXXXXXXXXXX","XXXXXXXX",6,18,26,33,56,6,TRUE,FALSE,3,7.13370998116761,2.57946145723337,12,33,FALSE,"none","none",1,0,"none","TCCGTCCA"
"174",210,"****************************XXXXXXXXXXXXXXXXXXXXXXXXXXXX","***XXXXX",4,5,26,33,56,4,TRUE,TRUE,1.25,2.97237915881984,0.829461457233369,12,33,FALSE,"miR-184,-1","none",1,0,"none","TCCGTCCA"
"175",211,"XXXXXXX******************************XXXXXXXXXXXXXXXXXXX","********",2,3,26,33,56,2,TRUE,TRUE,1.5,3.5668549905838,1.07946145723337,12,33,FALSE,"miR-184,-1","none",1,0,"none","TCCGTCCA"
"176",212,"XXXXXXXXXXXXXXXX**************************XXXXXXXXXXXXXX","********",1,24,26,33,56,1,TRUE,TRUE,24,57.0696798493409,23.5794614572334,12,33,FALSE,"miR-184,-1","none",1,0,"none","TCCGTCCA"
"177",213,"XXXXXXXXXXXXXX*********************XXXXXXXXXXXXXXXXXXXXX","********",2,45,26,33,56,2,TRUE,TRUE,22.5,53.5028248587571,22.0794614572334,12,33,FALSE,"miR-184,-1","none",1,0,"none","TCCGTCCA"
"178",215,"XXXXXXXXXXXXXXXX*****************************XXXXXXXXXXX","********",1,41,26,33,56,1,TRUE,TRUE,41,97.4940364092907,40.5794614572334,12,33,FALSE,"miR-184,-1","none",1,0,"none","TCCGTCCA"
"179",216,"XXXXXXXXXXXXXXXXXXXX******XXXXXXXXXXXXXXXXXXXXXXXXXXXXXX","*XXXXXXX",1,4,26,33,56,1,TRUE,TRUE,4,9.51161330822348,3.57946145723337,12,33,TRUE,"miR-184,-1","none",1,0,"none","TCCGTCCA"
"180",218,"XXXXXXXXXXXXXXX**********************XXXXXXXXXXXXXXXXXXX","********",2,91,26,33,56,2,TRUE,TRUE,45.5,108.194601381042,45.0794614572334,12,33,FALSE,"miR-184,-1","none",1,0,"none","TCCGTCCA"
"181",219,"XXXXXXXXXXXXXX******************XXXXXXXXXXXXXXXXXXXXXXXX","*******X",2,33,26,33,56,2,TRUE,TRUE,16.5,39.2354048964218,16.0794614572334,12,33,TRUE,"miR-184,-1","none",1,0,"none","TCCGTCCA"
"182",220,"XXXXXXXXXXXXXXX********************XXXXXXXXXXXXXXXXXXXXX","********",1,116,26,33,56,1,TRUE,TRUE,116,275.836785938481,115.579461457233,12,33,FALSE,"miR-184,-1","none",1,0,"none","TCCGTCCA"
